I0008,Deepankar Sutradhar,deepankar@vitbhopal.ac.in,08-01-1990,E9327,SASL
I0007,Dr. Sasmita Padhy,sasmita.padhy@vitbhopal.ac.in,07-01-1990,E9326,SCOPE
I0006,Dr. S. Poonkuntran,poonkuntran@vitbhopal.ac.in,06-01-1990,E9325,SCOPE
I0005,Pradeep kumar Mishra,pradeep.mishra@vitbhopal.ac.in,05-01-1990,E9324,SCOPE
I0004,Ashish Kersarway,ashish@vitbhopal.ac.in,04-01-1990,E9323,SASL
I0003,Vinod Bhatt,vinod.bhatt@vitbhopal.ac.in,03-01-1990,E9322,SASL
I0002,Rejeev Saxena,rajeev.saxena@vitbhopal.ac.in,02-01-1990,E9321,SASL
I0001,Juhi Kesarwani,juhi.kersarwani@vitbhopal.ac.in,01-01-1990,E9320,SASL
