Divya Mishra,divya.24bce10716@vitbhopal.ac.in,22-07-2006,24BCE10930
Devansh Bansal,devansh.24bce10716@vitbhopal.ac.in,23-07-2006,24BAI10389
Krish Goyal,krish.24bce11020@vitbhopal.ac.in,21-07-2006,24BCE11020
Vaibhav,vaibhav.24bce10716@vitbhopal.ac.in,25-07-2006,24BCE10717
Utkarsh Shukla,utkarsh.24bce10716@vitbhopal.ac.in,24-07-2006,24BCE10990
Harshwardhan,harshwardhan.24bce10716@vitbhopal.ac.in,26-07-2006,24BCE11001
Abhinav Atul,abhinav.24bce10716@vitbhopal.ac.in,20-07-2006,24BCE10716
